"Waterbody","Species","Mean Fishing Effort","SE for Mean Fishing Effort","Total Fishing Effort","SE for Total Fishing Effort","Mean HarvestORCatch","SE for Mean HarvestORCatch","Total HarvestORCatch","SE for Total HarvestORCatch","Mean Number of Angler Trips","SE for Mean Number of Angler Trips","Total Number of Angler Trips","SE for Total Number of Angler Trips","Mean HarvestORCatch Per Unit Effort"
"East Canyon Res","rbt",119.707741347905,4.19928479984159,43813.0333333333,1536.93823674202,24.8875169852487,1.90281965918785,9108.83121660104,696.431995262753,19.9481111114266,0.74985471153772,7301.00866678212,274.446824422806,0.230056463027096
"East Canyon Res","bnt",119.707741347905,4.19928479984159,43813.0333333333,1536.93823674202,0.0551250612655878,0.0231426017020414,20.1757724232051,8.47019222294716,19.9481111114266,0.74985471153772,7301.00866678212,274.446824422806,0.000323862071019818
"East Canyon Res","smb",119.707741347905,4.19928479984159,43813.0333333333,1536.93823674202,8.39055235775488,0.791923007052999,3070.94216293828,289.843820581398,19.9481111114266,0.74985471153772,7301.00866678212,274.446824422806,0.0636280339348402
