"gear","count","percent"
"b",415,59.5408895265423
"b/f",8,1.14777618364419
"b/j",4,0.573888091822095
"b/l",76,10.9038737446198
"bl",2,0.286944045911047
"f",6,0.860832137733142
"j",20,2.86944045911047
"l",18,2.58249641319943
"l/j",12,1.72166427546628
"l/j/f",1,0.143472022955524
"l/s",3,0.430416068866571
"spear",1,0.143472022955524
"t",88,12.6255380200861
"t/b",29,4.16068866571019
"t/j",4,0.573888091822095
"t/l",8,1.14777618364419
"t/s",1,0.143472022955524
"tl",1,0.143472022955524
